TABLE_NAME,COLUMN_NAME,Standardization Notes
ADMISSIONS,ADMISSION_ID,"This column appears to be in good condition as a primary key with 500 unique integer values and no null values. However, I would recommend establishing a clear naming convention and ensuring this follows organizational standards for ID generation. The current range starts at 50001, which suggests this may be part of a larger sequence. For standardization, I would verify that this follows the hospital's established ID numbering system and ensure proper indexing. The column should be set as the primary key with appropriate constraints to prevent duplicates and ensure data integrity."
ADMISSIONS,PATIENT_ID,"While this column contains 500 records with only 1 null value, there are 499 unique values, indicating one duplicate patient ID exists in the dataset. This is a critical data quality issue that needs immediate attention since patient IDs should be unique identifiers. I would recommend implementing a data cleansing process to identify and resolve the duplicate, potentially indicating a patient with multiple admissions that should be handled differently. The column should have referential integrity constraints linking to a master patient table, and we need to establish whether multiple admissions for the same patient should use the same patient_id or generate new ones."
ADMISSIONS,HOSPITAL_ID,"This column shows only 5 unique values across 500 records with no nulls, which is expected if this represents different hospital locations or facilities within a health system. For standardization, I would create a lookup table mapping these IDs to actual hospital names, addresses, and other relevant details. The column should be properly foreign-key constrained to ensure referential integrity. Additionally, I would standardize the naming convention and ensure these IDs align with the organization's master hospital registry to prevent future data inconsistencies."
ADMISSIONS,DEPARTMENT_ID,"With 105 unique values and no nulls, this column requires creation of a comprehensive department lookup table. The high number of unique departments suggests either a very large hospital system or potential data quality issues with inconsistent department coding. I would recommend standardizing department codes according to medical specialty classifications (like those used in healthcare informatics standards) and creating a master reference table with department names, descriptions, and hierarchical relationships. This will ensure consistent reporting and proper categorization of medical services."
ADMISSIONS,ADMISSION_DATE,"This column presents the most critical standardization challenge with 18 null values and multiple date formats including '01-08-2020', '2020-08-01', '01-August-2020', '08/01/2020', '2020/08/01', '02-08-20', and others. I would implement a comprehensive date standardization process to convert all values to a consistent format, preferably ISO 8601 standard (YYYY-MM-DD). This requires careful parsing to avoid misinterpretation of day/month order, especially for ambiguous dates like '01-08-2020'. The null values need investigation to determine if they represent data entry errors or legitimate cases where admission dates are unknown. I would also validate that admission dates are logical (not future dates, not impossibly old) and implement proper date constraints."
ADMISSIONS,DISCHARGE_DATE,"Similar to admission_date, this column has 52 null values and mixed date formats, though less variety than admission dates. The null values likely represent patients who haven't been discharged yet (current patients) or data entry omissions. I would standardize all date formats to match the admission_date format and implement business logic to handle ongoing admissions. Additionally, I would create validation rules to ensure discharge dates are always after or equal to admission dates, and flag any logical inconsistencies. The 'NULL' string values need to be converted to actual SQL NULL values for proper database handling."
ADMISSIONS,ADMISSION_TYPE,"This column shows significant standardization issues with 11 null values and inconsistent capitalization ('Emergency' vs 'emergency', 'Elective' vs 'elective'). There are also semantically similar values that should be consolidated (like 'Emergency' and 'ER', 'Elective' and 'Planned'). I would create a standardized lookup table with proper medical terminology for admission types, implement case-insensitive matching during data entry, and establish data validation rules. The standardization should follow healthcare industry standards for admission type classifications to ensure compatibility with reporting requirements and medical coding standards."
ADMISSIONS,DISCHARGE_STATUS,"With only 2 null values but 8 different status types, this column needs standardization around proper medical discharge terminology. Values like 'AMA' (Against Medical Advice) and 'LAMA' (Left Against Medical Advice) may be duplicates that need consolidation. 'Home' and 'Discharged' might represent the same concept and should be standardized. I would create a comprehensive lookup table mapping all possible discharge statuses to standardized medical terminology, ensure consistency with hospital discharge protocols, and implement validation rules to prevent invalid status entries. The 'Pending' status may indicate incomplete records that need follow-up."
ADMISSIONS,LENGTH_OF_STAY,"This integer column appears clean with no nulls and values ranging across 13 different stay lengths. However, I would implement validation rules to ensure the calculated length of stay matches the difference between admission and discharge dates. For ongoing admissions (null discharge dates), this should either be null or calculated dynamically. I would also establish reasonable bounds checking (e.g., stays shouldn't exceed hospital policy limits) and create alerts for unusually long or short stays that might indicate data entry errors or special cases requiring review."
ADMISSIONS,ROOM_NUMBER,"With 39 null values and 422 unique room numbers out of 461 non-null records, this column shows good uniqueness but needs format standardization. Room numbers follow patterns like 'A209', 'B373', 'ER125', 'ICU432' indicating different wings or unit types. I would establish a standardized room numbering format, create lookup tables for room types and locations, and implement validation rules to ensure room numbers correspond to actual hospital rooms. The null values need investigation - they might represent emergency situations, outpatient procedures, or data entry omissions. I would also verify that room assignments don't conflict (same room assigned to multiple concurrent patients)."
ADMISSIONS,ATTENDING_PHYSICIAN,"This column presents complex standardization challenges with 33 null values and inconsistent name formats including 'Dr. R. Naidu', 'Nisha More', 'Harish Sawant, MD', 'Dr Rekha Shetty' (missing period), and variations in title usage. I would implement a comprehensive physician name standardization process including consistent title formatting (Dr. vs MD vs both), proper name parsing and formatting, and creation of a master physician registry with unique physician IDs. This should include validation against medical license databases, standardization of credentials display, and establishment of referential integrity with a physician master table. The inconsistent formatting suggests multiple data entry sources that need unified standards and training."
BILLING,BILL_ID,"This column serves as the primary key with 500 unique integer values starting from 100001, indicating a well-structured sequential billing system. The column shows good data integrity with no null values and proper uniqueness. However, I would recommend implementing proper primary key constraints and ensuring this ID generation follows organizational standards. The sequential nature suggests an automated billing system, but I would verify that the numbering scheme aligns with business requirements and doesn't conflict with other billing systems. Additionally, I would establish proper indexing for optimal query performance and ensure referential integrity rules are in place."
BILLING,ADMISSION_ID,"This foreign key column contains 500 unique values linking to admission records, with no null values present. The values range from 50001 to 51288, indicating proper referential relationships with the admissions table. However, I would implement foreign key constraints to ensure data integrity and prevent orphaned records. The column should be indexed for join performance, and I would establish cascade rules for updates and deletes. Additionally, I would verify that all admission_ids in this table exist in the master admissions table and implement validation rules to prevent invalid admission references during data entry."
BILLING,TOTAL_AMOUNT,"This critical financial column shows significant data quality issues with 11 null values and excessive precision (472 out of 489 values have more than 2 decimal places). For a billing system dealing with currency, this precision level is inappropriate and suggests data conversion or calculation errors. I would standardize all amounts to 2 decimal places using proper rounding rules, investigate and resolve the null values (which likely represent incomplete billing records), and implement validation rules to ensure amounts are reasonable (positive values within expected healthcare cost ranges). The column should use DECIMAL data type with appropriate precision for financial calculations, and I would establish business rules for minimum and maximum billing amounts."
BILLING,INSURANCE_COVERAGE,"This column shows no null values but has 366 out of 500 records with excessive decimal precision, similar to total_amount. The values range from 0 (indicating no insurance) to very high amounts, which is expected in healthcare billing. I would standardize all values to 2 decimal places for currency consistency, implement validation rules to ensure insurance coverage doesn't exceed total amounts (where applicable), and establish proper business logic for handling zero-insurance cases. Additionally, I would create validation rules to flag unusual insurance coverage patterns and ensure the values align with insurance industry standards."
BILLING,PATIENT_DUE,"All 500 records contain values but with inappropriate precision (480 values have more than 2 decimal places). This calculated field should equal total_amount minus insurance_coverage, so I would implement validation rules to ensure this mathematical relationship holds true. The standardization process should round all values to 2 decimal places and create automated calculation checks to verify accuracy. I would also establish business rules for handling edge cases where patient_due might be negative (insurance overpayment) or zero, and implement alerts for unusually high patient responsibility amounts that might indicate billing errors."
BILLING,PAYMENT_STATUS,"This column has 15 null values and shows 5 distinct status values (Paid, Pending, Partial, Outstanding, Waived). The terminology appears standardized, but I would create a lookup table to ensure consistent status definitions and implement validation rules to prevent invalid status entries. The null values need investigation - they might represent new bills without status assignment or data entry omissions. I would establish business rules for status transitions (e.g., Pending can become Paid, Partial, or Outstanding, but Paid shouldn't change to Pending) and implement audit trails for status changes. Additionally, I would standardize the capitalization and create automated status updates based on payment actions."
BILLING,BILL_DATE,"This column presents major standardization challenges with 28 null values and multiple date formats including '2023-05-16', '15-07-2022', '2025/02/02', '26-07-25', and others. The mixed formats create serious data quality issues and potential for date misinterpretation. I would implement a comprehensive date standardization process to convert all values to ISO 8601 format (YYYY-MM-DD), with careful parsing to avoid day/month confusion in ambiguous dates. The null values need investigation as billing dates are mandatory for financial records. I would also implement validation rules to ensure bill dates are logical (not future dates beyond reasonable billing cycles, not impossibly old) and establish proper date constraints with business rule validation."
BILLING,PAYMENT_DATE,"With 203 null values and mixed date formats similar to bill_date ('11/18/2020', '2022-02-12', '02-06-21', '2022/12/22'), this column requires extensive standardization. The high number of nulls is expected for unpaid or pending bills, but I would verify that these align with payment_status values. I would standardize all date formats to match bill_date format and implement validation rules to ensure payment dates are after or equal to bill dates. The date parsing must handle various formats carefully to avoid misinterpretation, and I would establish business rules for handling partial payments with multiple payment dates."
BILLING,ROOM_CHARGES,"This column contains no null values but shows excessive precision issues (477 out of 500 values have more than 2 decimal places). Room charges should be standardized to 2 decimal places for currency consistency. I would implement validation rules to ensure room charges are reasonable based on room types and length of stay, create business logic to validate against room rate tables, and establish minimum/maximum charge limits. Additionally, I would verify that room charges align with the admission details and implement automated calculation checks where room charges should be calculated based on daily rates and stay duration."
BILLING,DOCTOR_FEES,"This column shows good data completeness with no nulls but has precision issues (481 out of 500 values exceed 2 decimal places). Doctor fees should be standardized to currency precision and validated against fee schedules. I would implement business rules to ensure fees are appropriate for the services provided, create validation against physician fee structures, and establish reasonable fee ranges based on specialties and procedures. The standardization should also include validation that doctor fees align with the attending physician information and medical procedures performed."
BILLING,NURSING_CHARGES,"Similar to other charge columns, this has precision issues (483 out of 500 values exceed 2 decimal places) but no null values. Nursing charges should be standardized to 2 decimal places and validated against nursing care levels and duration of stay. I would implement business rules to ensure charges align with nursing care intensity, validate against established nursing rate schedules, and create automated calculation checks based on nursing hours and care levels. Additionally, I would establish validation rules to flag unusually high or low nursing charges that might indicate billing errors."
BILLING,PHARMACY_CHARGES,"This column requires precision standardization (480 out of 500 values exceed 2 decimal places) and business rule validation. Pharmacy charges should be validated against medication administration records and prescription details. I would implement standardization to 2 decimal places, create validation rules to ensure charges align with pharmaceutical pricing standards, and establish business logic to flag unusual patterns in pharmacy charges. The standardization should also include validation against formulary pricing and insurance coverage rules for medications."
BILLING,LAB_CHARGES,"With precision issues in 486 out of 500 values, this column needs similar standardization to other financial fields. Lab charges should be rounded to 2 decimal places and validated against laboratory test pricing structures. I would implement business rules to ensure charges align with ordered tests and diagnostic procedures, create validation against standard lab fee schedules, and establish automated checks for unusual lab charge patterns. The standardization should also include validation that lab charges correspond to actual tests performed and results generated."
BILLING,PROCEDURE_CHARGES,"This final financial column shows precision issues in 475 out of 500 values and requires comprehensive standardization. Procedure charges should be standardized to 2 decimal places and validated against procedure codes and complexity levels. I would implement business rules to ensure charges align with medical procedures performed, validate against established procedure fee schedules, and create automated calculation checks based on procedure complexity and duration. Additionally, I would establish validation rules to ensure procedure charges correspond to actual medical procedures documented in the patient records and flag any discrepancies for review."
DEPARTMENTS,DEPARTMENT_ID,"This column serves as an excellent primary key with 108 unique sequential integer values from 1 to 108, showing no null values and proper uniqueness. The sequential numbering indicates a well-designed identifier system that maintains referential integrity across the database. However, I would recommend implementing proper primary key constraints with auto-increment functionality to ensure continued data integrity. The column should be indexed for optimal join performance when linking to other tables like admissions or billing records. Additionally, I would establish proper referential integrity rules to prevent orphaned records in related tables and ensure that any foreign key references to this column are properly validated. The sequential nature is ideal for database operations, but I would verify that the numbering scheme aligns with organizational standards and doesn't conflict with other system identifiers."
DEPARTMENTS,HOSPITAL_ID,"This foreign key column contains 5 unique values (1-5) across 108 records with no null values, indicating a multi-hospital healthcare system with proper data distribution. The column shows good referential integrity potential, but I would implement formal foreign key constraints linking to a master hospitals table. Each hospital has multiple departments, which is the expected business model, and the distribution appears logical. I would create a comprehensive hospitals lookup table containing hospital names, addresses, contact information, and other relevant details to support proper normalization. The column should be indexed for join performance and I would establish cascade rules for updates while preventing deletions that would orphan department records. Additionally, I would implement validation rules to ensure only valid hospital IDs can be entered and create proper error handling for referential integrity violations."
DEPARTMENTS,DEPT_NAME,"This column presents the most significant standardization challenge with 48 unique department names across 108 records, revealing numerous inconsistencies and duplicate meanings. Critical standardization issues include semantic duplicates like ""General Medicine"" (5 occurrences) vs ""Gen Med"" (4 occurrences), ""ER"" vs ""Emergency"" vs ""Casualty"" (all representing emergency services), ""ICU"" vs ""Critical Care"" vs ""Intensive Care"" (all representing critical care units), ""Paeds"" vs ""Pediatrics"" vs ""Child"" (pediatric services), ""Ortho"" vs ""Orthopedics"" vs ""Bone"" (orthopedic services), and many others. I would create a comprehensive department standardization mapping table to consolidate these variations into standardized medical terminology following healthcare industry standards. The standardization should use proper medical department classifications (like those used in hospital information systems) such as ""Emergency Medicine"" instead of ""ER"", ""Pediatrics"" instead of ""Paeds"", ""Orthopedics"" instead of ""Bone"", ""Cardiology"" instead of ""Heart"", and ""Radiology"" instead of ""X-ray"". I would implement a lookup table with standardized names, department codes, descriptions, and specialty classifications, then update all records to use consistent terminology. This is critical for proper reporting, resource allocation, and system integration."
DEPARTMENTS,BED_COUNT,"This integer column shows good data quality with no null values and reasonable values ranging from 10 to 50 beds per department. The distribution appears logical for different department types, with larger departments like General Medicine and Oncology having higher bed counts. However, I would implement business rule validation to ensure bed counts are appropriate for specific department types (e.g., emergency departments typically have fewer traditional beds, while general medicine has more). I would create validation rules based on department type and hospital size to flag unrealistic bed counts that might indicate data entry errors. Additionally, I would establish minimum and maximum bed count limits for different department categories and implement automated alerts for values that fall outside expected ranges. The column should also be validated against actual physical bed inventories and integrated with hospital capacity planning systems to ensure accuracy and real-time updates."
DEPARTMENTS,HOD,"This column shows excellent format consistency with all 108 records following the ""Dr. FirstName LastName"" pattern, but has only 106 unique values, indicating 2 physicians serve as heads of multiple departments. While the format standardization is good, I would implement several improvements: create a separate physicians master table with unique physician IDs, proper credentials (MD, MBBS, etc.), specializations, and contact information; establish foreign key relationships to ensure referential integrity; validate that physicians are qualified to head specific departments based on their specializations; implement business rules to handle physicians heading multiple departments; and create audit trails for HOD changes. I would also standardize the credential display format and verify all physician names against medical licensing databases where possible. The duplicate HOD entries (Dr. Kumar Hegde and Dr. Sita Murugan) need investigation to confirm if these are legitimate cases of physicians heading multiple departments or data entry errors requiring correction."
DEPARTMENTS,AVG_OCCUPANCY,"This column contains occupancy rates as decimal values ranging from approximately 0.60 to 0.94, which represents reasonable occupancy percentages (60% to 94%). However, the column shows excessive decimal precision with values like 0.790000021457672, which is inappropriate for occupancy rates that are typically expressed as percentages with 1-2 decimal places. I would standardize all values to 2-3 decimal places maximum (e.g., 0.79 or 79.0% if expressed as percentage) using proper rounding techniques. The data type should be DECIMAL with appropriate precision rather than FLOAT to avoid floating-point precision issues. I would implement validation rules to ensure occupancy rates remain within logical bounds (0.0 to 1.0 or 0% to 100%), create business rules to flag unusually high or low occupancy rates that might indicate operational issues or data quality problems, and establish automated alerts for occupancy rates that exceed safe operational limits. Additionally, I would implement time-based validation to ensure occupancy calculations are based on appropriate time periods and update frequencies, and create proper business intelligence integration for occupancy trend analysis and capacity planning."
DIAGNOSES,DIAGNOSIS_ID,"This column serves as an excellent primary key with sequential integer values starting from 80001, showing proper uniqueness and no null values across the dataset. The sequential numbering indicates a well-designed identifier system that maintains data integrity. However, I would recommend implementing proper primary key constraints with auto-increment functionality to ensure continued sequential integrity. The column should be indexed for optimal performance when joining with other medical records tables. I would establish referential integrity rules to prevent orphaned records in related tables and ensure that any foreign key references to this column are properly validated. The numbering scheme appears to follow organizational standards, but I would verify that this range doesn't conflict with other diagnosis tracking systems within the healthcare network. Additionally, I would implement audit trails to track any changes to diagnosis records and ensure proper versioning for medical record compliance."
DIAGNOSES,ADMISSION_ID,"This foreign key column contains references to admission records ranging from 50001 to higher values, with no null values present, indicating proper referential relationships with the admissions table. Multiple diagnosis records can reference the same admission_id, which is expected since patients often have multiple diagnoses during a single admission. I would implement formal foreign key constraints linking to the master admissions table to ensure referential integrity and prevent orphaned diagnosis records. The column should be indexed for join performance when linking diagnosis data to patient admission details. I would establish cascade rules for updates while implementing restrictions on deletions that would orphan diagnosis records, as medical records typically require permanent retention. Additionally, I would create validation rules to ensure only valid, active admission IDs can be referenced and implement proper error handling for referential integrity violations during data entry."
DIAGNOSES,ICD_CODE,"This column presents significant standardization challenges with multiple NULL values scattered throughout the dataset, which is problematic for medical coding compliance and billing requirements. The column contains legitimate ICD-10 codes like ""J06.9"", ""E78.5"", ""M54.5"" following proper ICD format, but the NULL values indicate incomplete medical coding that needs immediate attention. I would implement comprehensive ICD code validation against the official ICD-10-CM code set to ensure all codes are valid and current. The standardization process should include mapping incomplete or outdated codes to current ICD-10 standards, implementing business rules to prevent NULL entries for billable diagnoses, and creating lookup tables with code descriptions and validity periods. I would establish automated validation during data entry to flag invalid or deprecated codes, implement regular updates to maintain current ICD code sets, and create alerts for codes that don't match standard patterns. Additionally, medical coding staff should review and complete all NULL entries, and I would implement workflows to ensure proper ICD coding before diagnosis records are finalized."
DIAGNOSES,DIAGNOSIS_DESCRIPTION,"This column shows extensive standardization issues with inconsistent medical terminology, varying levels of detail, and numerous abbreviations mixed with full medical terms. Critical problems include abbreviations like ""URTI"" vs ""Acute upper respiratory infection"", ""CHF"" vs ""Heart failure"" vs ""Cardiac failure"" vs ""Heart Fail"", ""SOB"" vs ""Shortness of breath"" vs ""Breathlessness"", ""AMI"" vs ""Acute myocardial infarction"" vs ""Heart attack"", ""HTN"" vs ""Hypertension"" vs ""High BP"", and many others representing the same conditions. I would create a comprehensive medical terminology standardization mapping table that consolidates these variations into standardized medical descriptions following established medical dictionaries and coding standards. The standardization should use proper medical terminology consistently (e.g., ""Acute Upper Respiratory Infection"" instead of ""URTI"", ""Congestive Heart Failure"" instead of ""CHF"", ""Shortness of Breath"" instead of ""SOB""). I would implement lookup tables with approved medical terminology, synonyms mapping, and automated text standardization routines. Additionally, I would create validation rules to ensure descriptions align with their corresponding ICD codes, implement spell-checking for medical terms, and establish clinical review workflows for description accuracy and completeness."
DIAGNOSES,DIAGNOSIS_TYPE,"This column appears well-standardized with consistent ""Primary"" and ""Secondary"" values, but I would implement comprehensive validation to ensure only these two values are permitted. The classification is crucial for medical billing, treatment prioritization, and clinical decision-making. I would create a lookup table defining the business rules for primary vs secondary diagnosis classification, implement validation constraints to prevent invalid entries, and establish clinical guidelines for proper classification. The column should have proper indexing for reporting and analytics purposes. I would also implement audit trails to track any changes to diagnosis type classifications, as these changes can impact billing and treatment protocols. Additionally, I would create automated validation rules to ensure each admission has at least one primary diagnosis and establish alerts for unusual patterns in diagnosis type distribution that might indicate coding errors or training needs."
DIAGNOSES,DIAGNOSIS_DATE,"This column presents major standardization challenges with multiple date formats including ""01-08-2020"", ""2020-08-01"", ""01-August-2020"", ""08/01/2020"", ""2020/08/02"", ""02-August-2020"", and numerous NULL values throughout the dataset. The mixed formats create serious data quality issues and potential for date misinterpretation, especially with ambiguous formats where day and month could be confused. I would implement a comprehensive date standardization process to convert all values to ISO 8601 format (YYYY-MM-DD), with careful parsing logic to avoid day/month confusion in ambiguous dates. The NULL values need investigation as diagnosis dates are typically required for medical records and billing compliance. I would establish business rules for handling missing diagnosis dates, potentially defaulting to admission dates where appropriate, and implement validation rules to ensure diagnosis dates are logical (within admission date ranges, not future dates beyond reasonable medical timelines). Additionally, I would create automated date validation during data entry, implement proper datetime data types with appropriate constraints, and establish audit trails for date corrections to maintain medical record integrity."
HOSPITALS,HOSPITAL_ID,"This column serves as an excellent primary key with sequential integer values from 1 to 5, showing proper uniqueness and no null values. The sequential numbering indicates a well-designed identifier system suitable for a master hospital reference table. I would implement proper primary key constraints with auto-increment functionality to ensure continued sequential integrity as new hospitals are added. The column should be the foundation of referential integrity across the entire hospital database system, with all department, admission, billing, and diagnosis tables referencing this ID. I would create comprehensive indexing for optimal join performance and establish strict rules preventing deletion of hospital records that have dependent data in related tables. Additionally, I would implement audit logging to track any changes to hospital records and ensure proper data governance for this master table."
HOSPITALS,HOSPITAL_NAME,"This column shows inconsistent naming conventions with variations like ""Main Campus Hospital"", ""Adyar Branch"", ""Velachery Branch Hospital"", ""Tambaram Branch"", and ""OMR Branch"". The inconsistency in using ""Hospital"" vs ""Branch"" creates standardization issues. I would establish a consistent naming convention following organizational branding guidelines, such as using either ""[Organization Name] - [Location] Branch"" or ""[Location] Branch Hospital"" uniformly across all records. The standardization should ensure proper capitalization, consistent terminology, and adherence to corporate naming standards. I would implement validation rules to prevent duplicate or similar hospital names during data entry, create proper text constraints for length and allowed characters, and establish a formal naming approval workflow for new hospital entries. Additionally, I would consider separating the organization name from the branch identifier into separate columns for better normalization and reporting flexibility."
HOSPITALS,BRANCH_LOCATION,"This column contains location names like ""Anna Nagar"", ""Adyar"", ""Velachery"", ""Tambaram"", and ""Old Mahabalipuram Road"" with no null values, but lacks comprehensive address standardization. I would implement a complete address standardization structure by either expanding this column to include full address details (street, city, state, postal code) or normalizing the data by creating a separate addresses table with proper geographic hierarchy. The standardization should include consistent formatting of location names, proper capitalization, and geographic validation. I would implement geocoding to capture latitude/longitude coordinates for mapping and location-based services, validate addresses against official postal databases, and ensure location names match government-recognized place names. Additionally, I would create lookup tables for cities, states, and regions to maintain data consistency and enable hierarchical location analysis for multi-city healthcare networks."
HOSPITALS,TOTAL_BEDS,"This column shows values ranging from 176 to 390 beds with no null values, but critical data integrity issues exist when validated against bed breakdown columns. The validation analysis reveals that the sum of all bed type breakdowns (ICU + General + Private + Semi-Private) does not equal the total_beds value for any hospital in the dataset, indicating either calculation errors or missing bed categories. I would implement comprehensive validation rules to ensure total_beds equals the sum of all bed category breakdowns, investigate whether additional bed categories exist (such as emergency beds, observation beds, or day care beds) that aren't captured in the current breakdown, and establish automated calculation checks during data entry and updates. The standardization process should include defining all possible bed categories, ensuring complete accounting of all beds, implementing database triggers or constraints to maintain mathematical consistency, and creating audit trails for any adjustments to bed counts to maintain historical accuracy for capacity planning."
HOSPITALS,ICU_PERCENTAGE,"This column stores ICU bed percentage as integers (10, 15, 20, 25) without decimal precision, and validation shows discrepancies with actual calculated percentages based on ICU_bed_breakdown divided by total_beds. I would standardize whether this should be stored as a calculated field or an independent value, and if independent, implement validation rules to ensure it matches the actual ICU bed ratio. The data type should potentially be DECIMAL to allow for precise percentages rather than rounded integers. I would establish business rules for acceptable ICU percentage ranges based on hospital classification and accreditation standards (typically 10-30% for general hospitals), implement automated calculation from actual bed counts rather than storing as redundant data, or if stored separately, create triggers to maintain synchronization with bed breakdowns. Additionally, I would validate that ICU percentage aligns with accreditation requirements and hospital capacity planning standards, and implement alerts for unusual ICU ratios that might indicate data entry errors."
HOSPITALS,ESTABLISHED_YEAR,"This column contains year values ranging from 1985 to 2008 with no null values, representing hospital establishment dates. I would implement comprehensive validation rules to ensure years are reasonable (not future dates, not impossibly old like before modern healthcare standards), establish the data type as INTEGER or SMALLINT with appropriate range constraints (e.g., between 1900 and current year), and validate that established years align with hospital licensing and operational history. The standardization should include verification against official hospital registration documents, implementation of business logic to prevent logical inconsistencies (such as established year being later than years in admission or billing records), and creation of derived fields for hospital age calculations useful for accreditation and quality metrics. Additionally, I would consider storing full establishment dates (YYYY-MM-DD format) if available for more precise historical tracking, and implement validation to ensure chronological consistency with other temporal data in the system."
HOSPITALS,ACCREDITATION,"This column presents significant data quality issues with 3 out of 5 records showing NULL values, while 2 records contain valid accreditation bodies (""JCI"" and ""NABH""). The high NULL rate indicates either incomplete data entry or hospitals operating without formal accreditation. I would create a comprehensive accreditation lookup table containing all valid accreditation bodies (JCI - Joint Commission International, NABH - National Accreditation Board for Hospitals, NABL, ISO certifications, etc.) with descriptions, validity requirements, and renewal cycles. The standardization should distinguish between ""no accreditation"" (which should be explicitly coded as ""None"" or ""Not Accredited"") versus ""accreditation status unknown"" (which might be NULL during data collection). I would implement validation constraints to ensure only valid accreditation codes can be entered, create fields for accreditation date and expiry date to track accreditation currency, establish automated alerts for expiring accreditations, and implement a hierarchical system if hospitals hold multiple accreditations. Additionally, since accreditation significantly impacts hospital credibility and billing capabilities, this data should be rigorously validated and maintained with proper audit trails."
HOSPITALS,ICU_BED_BREAKDOWN,"This column contains ICU bed counts ranging from 18 to 80 beds with no null values, but shows mathematical inconsistencies when summed with other bed categories. I would implement rigorous validation rules to ensure ICU bed counts are logical relative to total hospital capacity (typically 10-30% of total beds), validate that ICU beds don't exceed total beds, and establish referential integrity with the total_beds column through database constraints or triggers. The standardization should include classification of ICU types (General ICU, Cardiac ICU, Neonatal ICU, Pediatric ICU, Surgical ICU) if the hospital has specialized intensive care units, implementation of automated calculations to maintain consistency with total_beds and icu_percentage, and validation against department-level ICU bed allocations if tracked separately. Additionally, I would establish minimum ICU bed requirements based on hospital size and accreditation standards, implement alerts for unusual ICU capacity that might indicate errors, and create audit trails for bed count changes to support capacity planning and regulatory reporting."
HOSPITALS,GENERAL_BED_BREAKDOWN,"This column shows general bed counts from 108 to 240 beds with no null values, representing the largest bed category in all hospitals. I would implement validation to ensure general beds represent an appropriate proportion of total capacity (typically 40-60% of total beds for multi-specialty hospitals), establish business rules for minimum and maximum general bed allocations based on hospital type and services offered, and validate consistency with total_beds through automated calculations. The standardization should clarify the definition of ""general beds"" versus other categories (whether this includes semi-private or excludes all specialized care areas), implement validation against actual physical bed inventories, and create referential integrity with ward and department capacity data. Additionally, I would establish monitoring for occupancy trends across different bed types to optimize capacity allocation, validate that bed category definitions align with billing and insurance classification standards, and implement proper audit trails for tracking bed repurposing (converting general beds to specialized units or vice versa)."
HOSPITALS,PRIVATE_BED_BREAKDOWN,"This column contains private bed counts ranging from 45 to 100 beds with no null values, but the definition and distinction from semi-private beds needs clarification. I would establish clear business definitions distinguishing private rooms (single occupancy) from semi-private rooms (typically dual occupancy) and general wards (multi-bed), implement validation rules ensuring private bed counts are reasonable relative to total capacity and hospital market positioning (premium vs. general care), and validate that private bed allocation aligns with hospital pricing structures and target patient demographics. The standardization should include validation that private bed counts plus semi-private plus general beds equal non-ICU bed capacity, implementation of constraints preventing illogical bed distributions, and integration with room numbering and facility management systems to ensure physical bed locations match recorded capacities. Additionally, I would create business intelligence rules to monitor private bed utilization rates and pricing optimization, validate against government regulations for private/general bed ratios (some jurisdictions mandate minimum general bed percentages), and maintain audit trails for bed classification changes that might impact revenue projections."
HOSPITALS,SEMI_PRIVATE_BED_BREAKDOWN,"This column shows semi-private bed counts from 27 to 60 beds with no null values, representing the smallest bed category across all hospitals. I would implement similar validation rules as for private beds, ensuring clear distinction between semi-private (typically 2 patients per room) and general ward beds (3 or more patients per room), and validate that the total bed accounting is complete and accurate. The critical issue is that when summing ICU_bed_breakdown + General_bed_breakdown + Private_bed_breakdown + Semi_Private_bed_breakdown, the totals exceed the recorded total_beds values for all hospitals, indicating either overlapping bed categories, missing bed category definitions, or errors in the breakdown values. I would conduct a comprehensive bed categorization audit to identify all bed types (whether emergency beds, observation beds, day care beds, or other categories exist), implement strict mathematical validation ensuring breakdown totals equal overall totals, establish database-level constraints or triggers to prevent inconsistent bed allocations, and create comprehensive documentation defining each bed category with occupancy rules and billing implications. The standardization must resolve this fundamental data integrity issue before the database can reliably support operational, financial, and regulatory reporting requirements."
LAB_RESULTS,LAB_RESULT_ID,"This column serves as an excellent primary key with 500 unique sequential integer values starting from 200001, showing proper uniqueness and no null values across the dataset. The sequential numbering indicates a well-designed identifier system that maintains referential integrity for laboratory data tracking. I would implement proper primary key constraints with auto-increment functionality to ensure continued sequential integrity as new lab results are added. The column should be indexed for optimal performance when joining with patient records, admission data, and billing systems. I would establish comprehensive referential integrity rules to prevent orphaned records and ensure that any foreign key references to this column are properly validated. The numbering scheme appears to follow organizational standards with the 200xxx range, but I would verify that this range doesn't conflict with other laboratory information systems or result tracking mechanisms within the healthcare network. Additionally, I would implement audit trails to track any changes to lab result records and ensure proper versioning for clinical and legal compliance requirements."
LAB_RESULTS,ADMISSION_ID,"This foreign key column contains 87 unique admission IDs across 500 lab results, with values ranging from 93314 to 1669420, indicating multiple lab tests per admission which is clinically appropriate. The column has no null values, showing good referential integrity potential. I would implement formal foreign key constraints linking to the master admissions table to ensure referential integrity and prevent orphaned lab results. Multiple lab results per admission_id is expected since patients typically undergo multiple tests during hospitalization or outpatient visits. The column should be indexed for join performance when linking laboratory data to patient admission details, diagnosis information, and treatment outcomes. I would establish cascade rules for updates while implementing strict restrictions on deletions that would orphan lab result records, as laboratory data typically requires permanent retention for clinical and legal purposes. Additionally, I would create validation rules to ensure only valid, active admission IDs can be referenced and implement proper error handling for referential integrity violations during data entry or system integration."
LAB_RESULTS,TEST_NAME,"This column contains 20 unique standardized laboratory test names with no null values, showing good standardization with proper medical terminology like ""Blood Urea Nitrogen"", ""LDL Cholesterol"", ""Hemoglobin"", and ""Alkaline Phosphatase"". The test names appear to follow standard clinical laboratory nomenclature, but I would implement comprehensive validation against established laboratory information standards such as LOINC (Logical Observation Identifiers Names and Codes) to ensure consistency with healthcare interoperability requirements. I would create a master laboratory tests lookup table containing standardized test names, LOINC codes, test categories, clinical significance, and associated reference ranges. The standardization should include validation rules to prevent non-standard or abbreviated test names, implementation of synonyms mapping for alternative test name variations, and establishment of test categorization for laboratory reporting and analytics. Additionally, I would ensure test names align with hospital laboratory capabilities, implement approval workflows for new test additions, and create proper audit trails for test name modifications to maintain clinical data integrity."
LAB_RESULTS,RESULT_VALUE,"This column shows 12 null values out of 500 records and significant precision issues with excessive decimal places like 22.4699993133545, 4.11999988555908, indicating data conversion or floating-point precision problems inappropriate for clinical laboratory values. Laboratory results should typically have 1-3 decimal places maximum based on test precision and clinical significance. I would standardize all values to appropriate precision levels based on each specific test type (e.g., Hemoglobin to 1 decimal place, Creatinine to 2 decimal places, blood counts to whole numbers), implement proper rounding techniques rather than truncation, and use DECIMAL data type instead of FLOAT to avoid precision errors. The null values need investigation as they might represent ""test not performed"", ""inconclusive results"", or data entry errors. I would establish business rules for handling different types of missing results, implement validation ranges for each test type to flag impossible or highly unusual values, and create alerts for critical values that require immediate clinical attention. Additionally, I would validate that result values are consistent with their corresponding units and reference ranges."
LAB_RESULTS,UNIT,"This column shows good standardization with 6 distinct measurement units (mg/dL, g/dL, U/L, mEq/L, cells/?L, mIU/L) and no null values, indicating proper clinical laboratory unit usage. However, I would implement comprehensive validation against international laboratory standards to ensure unit consistency and accuracy. The standardization should include creation of a units lookup table containing standard laboratory units, conversion factors, and associated test types to prevent invalid unit assignments. I would implement validation rules ensuring units are appropriate for specific test types (e.g., Hemoglobin should always use g/dL, glucose should use mg/dL, electrolytes use mEq/L), establish automatic unit validation during data entry, and create conversion capabilities for different unit systems if needed for international compatibility. Additionally, I would ensure unit formatting is consistent (proper use of Greek letters like ?, standardized abbreviations) and implement business logic to flag unusual unit-test combinations that might indicate data entry errors or system integration issues."
LAB_RESULTS,REFERENCE_RANGE,"This column presents significant standardization challenges with 36 null values and 74 unique formats including variations like ""7-25"", ""50 - 180"", ""Normal: 50-250"", ""See attached"", ""3.5-5.0"", ""3.5 - 5.0"", ""0.2to1.2"", indicating inconsistent formatting and incomplete reference range data. I would implement comprehensive standardization of reference range formats using a consistent pattern like ""min-max"" with standardized spacing and units, create a lookup table linking test names to their standard reference ranges based on laboratory standards and patient demographics (age, gender), and establish validation rules to ensure reference ranges are clinically appropriate for each test type. The ""See attached"" and similar values indicate incomplete data entry that needs resolution. I would implement business rules requiring complete reference range entry, validate that patient results can be properly compared against reference ranges for automated flagging, and establish different reference ranges for different patient populations where clinically relevant (pediatric vs adult, male vs female). Additionally, I would create automated alerts when results fall outside reference ranges and ensure reference ranges are regularly updated based on laboratory accreditation standards."
LAB_RESULTS,STATUS,"This column shows major standardization issues with 24 null values and 13 different status variations including ""Normal"", ""WNL"" (Within Normal Limits), ""N"", ""Within limits"", ""Low"", ""L"", ""High"", ""H"", ""Elevated"", ""Decreased"", ""Above normal"", ""Below normal"", and ""Increased"". This inconsistency creates serious problems for clinical decision-making and automated alerts. I would create a comprehensive status standardization mapping to consolidate these variations into a standardized set of values like ""Normal"", ""Low"", ""High"", ""Critical Low"", ""Critical High"", and implement lookup tables with clear definitions for each status category. The standardization should include mapping abbreviations to full terms (WNL ? Within Normal Limits, N ? Normal, L ? Low, H ? High), establishing automated status determination based on result values compared to reference ranges, and creating validation rules to prevent inconsistent status assignments. Additionally, I would implement critical value alerts for abnormal results requiring immediate clinical attention, establish audit trails for manual status overrides, and ensure status values integrate properly with clinical decision support systems and automated reporting."
LAB_RESULTS,TEST_DATE,"This column presents critical standardization challenges with 23 null values and multiple date formats including ""2025-01-02"", ""29-01-25"", ""11-Jun-2025"", ""30-11-22"", ""02-07-22"" creating serious data quality issues and potential for date misinterpretation. The mixed formats pose significant risks for clinical timeline analysis and treatment monitoring. I would implement comprehensive date standardization to convert all values to ISO 8601 format (YYYY-MM-DD), with careful parsing logic to avoid day/month confusion in ambiguous dates like ""02-07-22"". The null values are particularly problematic for laboratory data as test dates are essential for clinical interpretation, trending analysis, and regulatory compliance. I would establish business rules requiring test dates for all lab results, implement validation ensuring test dates are within reasonable ranges (not future dates beyond current date, not impossibly old), and create automated date validation during data entry. Additionally, I would implement business logic ensuring test dates align with admission dates and clinical timelines, establish proper datetime data types with timezone considerations, and create audit trails for date corrections to maintain clinical data integrity."
LAB_RESULTS,LAB_TECHNICIAN,"This column shows 96 null values out of 500 records (19.2% missing data) and 380 unique technician names, indicating significant data completeness issues and potential inconsistencies in name formatting. The missing technician information creates problems for quality control, audit trails, and regulatory compliance as laboratory results typically require technician identification for accountability. I would implement comprehensive standardization of technician names including consistent formatting (First Name Last Name), creation of a master laboratory personnel table with unique technician IDs, employee numbers, and credentials, and establishment of foreign key relationships to ensure only authorized personnel can be assigned to lab results. The standardization should include validation against active laboratory staff lists, implementation of user authentication systems to automatically capture technician information during result entry, and creation of audit trails for result modifications or reviews. Additionally, I would establish business rules requiring technician identification for all finalized results, implement validation ensuring assigned technicians are qualified for specific test types where relevant, and create reporting capabilities for technician workload analysis and quality metrics. The high number of unique names suggests potential duplicate entries for the same person with slight variations that need consolidation."
PATIENTS,PATIENT_ID,"This column serves as an excellent primary key with 500 unique sequential integer values starting from 10001, showing proper uniqueness and no null values across the dataset. The sequential numbering indicates a well-designed identifier system that maintains referential integrity for patient data tracking throughout the healthcare system. I would implement proper primary key constraints with auto-increment functionality to ensure continued sequential integrity as new patients are registered. The column should be indexed for optimal performance when joining with admission records, billing data, diagnosis information, and laboratory results. I would establish comprehensive referential integrity rules to prevent orphaned records and ensure that any foreign key references to this column are properly validated across all related tables. The numbering scheme appears to follow organizational standards with the 10xxx range, but I would verify that this range doesn't conflict with other patient identification systems or legacy databases within the healthcare network. Additionally, I would implement strict audit trails to track any changes to patient records and ensure proper versioning for clinical, legal, and compliance requirements under healthcare data protection regulations."
PATIENTS,MRN,"This column presents significant data quality issues with 67 null values and non-standardized entries including ""PENDING"" (38 occurrences), ""TBD"" (33 occurrences), and various ""MRN"" prefixed numbers. The high number of incomplete MRN assignments indicates workflow issues in patient registration that need immediate attention. I would implement a comprehensive MRN standardization system with consistent formatting (e.g., MRN followed by 6-digit number), establish business rules requiring MRN assignment before patient care begins, and create automated MRN generation to eliminate ""PENDING"" and ""TBD"" entries. The standardization should include validation against existing MRN databases to prevent duplicates, implementation of check-digit algorithms for MRN validation, and establishment of proper indexing for medical record retrieval. I would create lookup tables linking patient_id to MRN for referential integrity, implement audit trails for MRN changes or corrections, and establish integration with hospital information systems for seamless medical record management. Additionally, since MRN is often used as a secondary patient identifier, I would ensure compliance with healthcare identification standards and implement proper security measures for MRN generation and storage."
PATIENTS,FIRST_NAME,"This column shows no null values but contains 79 unique first names across 500 records, indicating reasonable diversity with some common Indian names like ""Manoj"" (20 occurrences), ""Sangeetha"" (15 occurrences). While the data appears complete, I would implement comprehensive name standardization including consistent capitalization (proper case), validation against character sets to prevent special characters or numbers in names, and normalization of name variations or nicknames. The standardization should include validation rules preventing empty strings or single characters, implementation of Unicode support for international characters, and establishment of maximum length constraints. I would create validation routines to flag potentially incorrect entries (numbers in names, excessive special characters), implement phonetic matching algorithms for patient identification assistance, and establish proper text collation for name searching and sorting. Additionally, I would consider privacy implications and implement proper data masking techniques for non-production environments while maintaining referential integrity with other patient records across the healthcare database system."
PATIENTS,LAST_NAME,"This column shows no null values with 74 unique surnames across 500 records, with common South Indian surnames like ""Patil"" (20 occurrences), ""Singh"" (18 occurrences), ""Desai"" (17 occurrences). Similar to first names, I would implement consistent surname standardization including proper case formatting, character validation, and length constraints. The standardization should include validation against appropriate character sets, implementation of surname prefix/suffix handling (Jr., Sr., Dr.), and establishment of cultural sensitivity in name processing. I would create comprehensive validation rules preventing numeric characters or inappropriate special characters, implement proper indexing for surname-based searches and patient identification, and establish audit trails for name corrections or updates. Since surnames are often used in patient identification and insurance verification, I would ensure accuracy through validation routines, implement duplicate patient detection algorithms using name combinations, and establish proper integration with insurance verification systems and identity management platforms throughout the healthcare network."
PATIENTS,DATE_OF_BIRTH,"This column presents major standardization challenges with 26 null values and multiple date formats including ""2011-11-14"", ""17-January-1961"", ""1992/12/22"", ""08-05-2019"" creating serious data quality issues for age calculations, clinical decision-making, and patient identification. The mixed formats pose significant risks for incorrect age determination and treatment protocols. I would implement comprehensive date standardization to convert all values to ISO 8601 format (YYYY-MM-DD), with careful parsing logic to avoid day/month confusion in ambiguous formats. The null values are particularly problematic for patient demographics as birth dates are essential for clinical care, drug dosing, and identity verification. I would establish business rules requiring birth date entry for patient registration, implement validation ensuring birth dates are within reasonable ranges (not future dates, not impossibly old like before 1900), and create automated age calculation verification. Additionally, I would implement business logic ensuring birth dates align with calculated ages, establish proper DATE data type with appropriate constraints, and create audit trails for birth date corrections to maintain clinical accuracy and legal compliance for patient identification and care protocols."
PATIENTS,AGE,"This integer column ranges from 0 to 90 years with no null values, showing reasonable age distribution for a healthcare facility. However, I would implement comprehensive validation to ensure age consistency with date_of_birth calculations, establish business rules for age verification during patient encounters, and create automated age updates based on birth dates and current dates. The standardization should include validation ranges ensuring ages are medically reasonable (0-120 years), implementation of pediatric vs adult classification for clinical protocols, and establishment of age-based alert systems for medication dosing and treatment guidelines. I would create automated calculation routines to derive age from birth date rather than storing as separate redundant data, implement validation checks during patient encounters to flag significant age discrepancies, and establish proper audit trails for age-related corrections. Additionally, since age is critical for clinical decision-making, medication dosing, and treatment protocols, I would ensure real-time age calculation capabilities and implement age-based clinical decision support integration throughout the hospital information systems."
PATIENTS,GENDER,"This column shows critical standardization issues with 62 null values and 6 different formats including ""M"", ""F"", ""Male"", ""Female"", ""male"", ""female"" creating serious problems for clinical care, insurance processing, and regulatory reporting. The inconsistent formatting creates confusion for gender-based medical protocols and treatment guidelines. I would implement comprehensive gender standardization using consistent values such as ""Male"", ""Female"", ""Other"", ""Unknown"" following healthcare industry standards and regulatory requirements. The standardization should include mapping all variations to standardized terms (M/male ? Male, F/female ? Female), establishing validation constraints to prevent invalid entries, and implementing proper clinical protocol integration for gender-specific care. I would create lookup tables with approved gender values, establish business rules requiring gender specification for patient registration, and implement audit trails for gender corrections. Additionally, I would ensure compliance with healthcare regulations regarding gender identification, implement proper privacy protections for gender information, and establish integration with clinical decision support systems that rely on gender for medication dosing, screening protocols, and treatment guidelines throughout the healthcare delivery system"
PATIENTS,BLOOD_GROUP,"This column shows 50 null values and standardization issues including invalid entries like ""A++"" (6 occurrences), ""O negativ"" (5 occurrences), and ""Unknown"" (8 occurrences) alongside valid ABO/Rh blood group designations. Blood group accuracy is critical for transfusion safety and emergency care. I would implement comprehensive blood group validation against standard ABO/Rh typing (A+, A-, B+, B-, AB+, AB-, O+, O-), establish business rules requiring blood group verification through laboratory testing, and create validation constraints preventing invalid blood group entries. The standardization should include correction of misspellings (""O negativ"" ? ""O-""), elimination of invalid types (""A++""), and establishment of proper null handling for untyped patients. I would create lookup tables with valid blood group combinations, implement cross-referencing with laboratory results for blood typing verification, and establish critical care alerts for blood group information. Additionally, I would ensure integration with transfusion medicine systems, implement emergency access protocols for blood group information, and establish proper audit trails for blood group updates due to the life-critical nature of this information in healthcare delivery and patient safety protocols."
PATIENTS,PHONE,"This column shows 31 null values and severe formatting inconsistencies with scientific notation representations like ""9.057422183e+09"", ""+9.17942365574e+11"", and mixed formats like ""+91 864 375 7828"". The scientific notation format makes phone numbers unusable for clinical communication and emergency contact. I would implement comprehensive phone number standardization to convert all numbers to consistent format (e.g., +91-XXXXXXXXXX for Indian numbers), establish validation rules ensuring phone numbers contain only valid numeric characters and country codes, and create proper string data types to prevent scientific notation conversion. The standardization should include validation of phone number length and format for different regions, implementation of country code normalization (+91 for India), and establishment of duplicate phone number detection for data quality. I would create automated formatting routines to normalize phone number display and storage, implement validation against telecommunications number formatting standards, and establish proper indexing for phone number searches. Additionally, I would ensure phone number privacy protections, implement emergency contact validation protocols, and establish integration with hospital communication systems for patient contact and family notification procedures."
PATIENTS,ADDRESS,"This column shows no null values with 500 unique addresses, indicating complete address data but potential formatting inconsistencies across different address components. Addresses include variations like ""287, Anna Street, T Nagar, Chennai 600071"", ""Kamaraj Ave, Red Hills, 349, Chennai 600034"" showing inconsistent structure. I would implement comprehensive address standardization with consistent formatting for street number, street name, area, city, and postal code components, establish validation against postal address databases where possible, and create structured address parsing to separate address components into individual fields. The standardization should include consistent abbreviation usage (Road vs Rd, Avenue vs Ave), proper capitalization throughout address fields, and validation of Chennai postal codes (600xxx format). I would create address validation routines against official postal databases, implement geocoding capabilities for location-based services and emergency response, and establish proper formatting for address printing and mailing. Additionally, I would consider normalizing addresses into separate fields (street_address, city, state, postal_code) for better database design and implement proper privacy protections for patient address information in compliance with healthcare data protection requirements."
PATIENTS,AREA,"This column shows no null values with 29 unique area names representing different Chennai localities like ""Kodambakkam"" (25 occurrences), ""Egmore"" (24 occurrences), ""Mylapore"" (22 occurrences). I would implement area name standardization ensuring consistent spelling and capitalization of locality names, validation against official Chennai administrative boundaries and postal zone designations, and establishment of area code mappings for reporting and analytics. The standardization should include correction of any misspelled area names, implementation of area hierarchy (zone, district, locality), and establishment of area-based patient distribution analytics. I would create lookup tables with approved area names and postal code mappings, implement validation ensuring area names match postal code regions, and establish geographic analytics capabilities for hospital service area analysis. Additionally, I would ensure integration with hospital catchment area planning, implement area-based patient demographics reporting, and establish proper geographic analysis capabilities for healthcare delivery planning and emergency response coordination throughout the Chennai metropolitan healthcare network."
PATIENTS,PINCODE,"This column shows 52 null values and values ranging from 600001 to 600130, representing Chennai postal codes with appropriate numeric formatting. I would implement comprehensive postal code validation ensuring all codes fall within valid Chennai ranges (typically 600001-600130), establish business rules requiring postal code entry for complete patient records, and create validation against official Indian postal code databases. The standardization should include format validation ensuring 6-digit postal codes, cross-validation with area and address information for consistency, and implementation of postal code-based geographic analytics. I would create automated postal code suggestion based on area names, implement validation routines preventing invalid postal code entries, and establish postal code mapping for hospital service area analysis. Additionally, I would ensure integration with address validation systems, implement postal code-based patient distribution reporting, and establish proper geographic information system capabilities for healthcare planning, ambulance routing, and emergency services coordination throughout the Chennai metropolitan healthcare delivery network."
PATIENTS,INSURANCE_TYPE,"This column shows 80 null values and significant standardization issues with variations like ""Government"" (97), ""Gov"" (81), ""Private"" (61), ""Self Pay"" (57), ""Pvt"" (49), ""Self"" (47), ""Corporate"" (18), ""Corp"" (10) representing similar insurance categories with inconsistent terminology. I would implement comprehensive insurance type standardization using consistent terminology like ""Government"", ""Private"", ""Self Pay"", ""Corporate"", establishing validation constraints to prevent invalid insurance type entries, and creating lookup tables with standardized insurance categories and billing procedures. The standardization should include mapping all variations to standard terms (Gov ? Government, Pvt ? Private, Self ? Self Pay), implementation of insurance verification protocols, and establishment of billing workflow integration based on insurance types. I would create automated insurance category assignment based on payer information, implement validation against insurance provider databases where possible, and establish proper audit trails for insurance type changes. Additionally, I would ensure integration with billing systems and insurance claim processing, implement insurance authorization workflows, and establish proper reporting capabilities for insurance-based analytics and revenue cycle management throughout the healthcare financial operations."
PATIENTS,EMERGENCY_CONTACT,"This column shows 101 null values and multiple inconsistent formats including ""Name - Phone"", JSON format like '{""name"": ""Kavitha Shinde"", ""phone"": ""NULL""}', ""Not provided"" (28 occurrences), and incomplete entries like ""Latha Patel - "". The formatting inconsistencies make emergency contact information unusable during critical situations. I would implement comprehensive emergency contact standardization with consistent structured format separating name and phone number into properly formatted fields, establish validation rules ensuring both contact name and phone number are provided, and create proper data structure for emergency contact information storage. The standardization should include normalization into separate emergency_contact_name and emergency_contact_phone columns, implementation of phone number validation for emergency contacts, and establishment of business rules requiring emergency contact information for patient safety. I would create automated validation routines ensuring emergency contact completeness, implement emergency contact relationship tracking (spouse, parent, sibling), and establish integration with hospital communication systems for family notification. Additionally, I would ensure emergency contact privacy protections, implement multiple emergency contact capabilities, and establish proper audit trails for emergency contact updates due to the critical nature of this information during medical emergencies and family communication protocols."
PATIENTS,CREATED_DATE,"This column shows complete timestamp data with 500 unique values in format ""YYYY-MM-DD HH:MM:SS.0000000"" indicating proper audit trail implementation. However, I would standardize the timestamp precision by removing unnecessary trailing zeros and implementing consistent datetime formatting, establish proper timezone handling for accurate temporal data analysis, and create indexing for temporal queries and patient registration analytics. The standardization should include validation ensuring created dates are not future dates, implementation of system-generated timestamps to prevent manual date entry errors, and establishment of proper datetime data types with appropriate precision. I would create automated timestamp generation during patient registration, implement temporal data validation ensuring logical chronological order with other patient events, and establish proper audit capabilities for patient record creation tracking. Additionally, I would ensure integration with hospital information systems for patient registration workflow analytics, implement proper data retention policies for audit trail maintenance, and establish temporal reporting capabilities for patient registration trends, system usage patterns, and healthcare delivery analytics throughout the hospital patient management system."
PROCEDURES,PROCEDURE_ID,"This column serves as an excellent primary key with sequential integer values starting from 90001, showing proper uniqueness and no null values across the dataset. The sequential numbering indicates a well-designed identifier system that maintains referential integrity for procedure tracking throughout the healthcare billing and clinical systems. I would implement proper primary key constraints with auto-increment functionality to ensure continued sequential integrity as new procedures are recorded. The column should be indexed for optimal performance when joining with admission records, billing data, provider information, and patient records. I would establish comprehensive referential integrity rules to prevent orphaned records and ensure that any foreign key references to this column are properly validated across all related tables including billing, insurance claims, and clinical documentation. The numbering scheme appears to follow organizational standards with the 90xxx range, but I would verify that this range doesn't conflict with other procedure tracking systems or coding standards within the healthcare network. Additionally, I would implement strict audit trails to track any changes to procedure records and ensure proper versioning for clinical, billing, and regulatory compliance requirements under healthcare documentation standards."
PROCEDURES,ADMISSION_ID,"This foreign key column contains admission IDs with multiple procedures per admission, which is clinically appropriate since patients typically undergo multiple procedures during hospitalization or treatment episodes. The column shows no null values, indicating good referential integrity potential. I would implement formal foreign key constraints linking to the master admissions table to ensure referential integrity and prevent orphaned procedure records. Multiple procedures per admission_id is expected and necessary for comprehensive patient care documentation and billing. The column should be indexed for join performance when linking procedure data to patient admission details, diagnosis information, and treatment outcomes. I would establish cascade rules for updates while implementing strict restrictions on deletions that would orphan procedure records, as medical procedure data typically requires permanent retention for clinical, legal, and billing purposes. Additionally, I would create validation rules to ensure only valid, active admission IDs can be referenced and implement proper error handling for referential integrity violations during data entry or system integration with hospital information systems and electronic health records."
PROCEDURES,CPT_CODE,"This column presents significant standardization challenges with numerous NULL values throughout the dataset and inconsistent data handling where CPT codes should be stored as standardized 5-character strings but are currently stored as numeric values like 85025.0, 66984.0, 59510.0. CPT (Current Procedural Terminology) codes are critical for medical billing, insurance claims processing, and healthcare analytics. I would implement comprehensive CPT code standardization by converting all numeric codes to standard 5-digit string format with leading zeros where necessary (e.g., 85025 not 85025.0), establishing validation against official AMA CPT code databases to ensure only valid, current codes are accepted, and creating business rules requiring CPT code assignment for all billable procedures. The standardization should include lookup tables with CPT code descriptions, billing categories, and reimbursement information, implementation of automated CPT code suggestion based on procedure descriptions, and establishment of annual CPT code updates to maintain current coding standards. I would create validation routines to flag invalid or deprecated codes, implement proper audit trails for CPT code changes, and ensure integration with billing systems and insurance claim processing workflows throughout the healthcare revenue cycle management system."
PROCEDURES,PROCEDURE_DESCRIPTION,"This column shows extensive standardization issues with inconsistent medical terminology, abbreviations mixed with full descriptions, and varying levels of clinical detail. Critical problems include abbreviations like ""CBC"" vs ""Complete Blood Count"", ""C-section"" vs ""Cesarean"" vs ""Cesarean Section"" vs ""LSCS"", ""CXR"" vs ""Chest X-ray"" vs ""Chest Xray"" vs ""Chest radiograph"", ""EGD"" vs ""Upper Endoscopy"" vs ""Gastroscopy"", and numerous other variations representing identical procedures. I would create a comprehensive medical procedure terminology standardization mapping table that consolidates these variations into standardized medical descriptions following established medical dictionaries, CPT code descriptions, and healthcare coding standards. The standardization should use consistent medical terminology (e.g., ""Complete Blood Count"" instead of ""CBC"", ""Cesarean Section"" instead of ""C-section"", ""Chest X-ray"" instead of ""CXR""), implement lookup tables with approved procedure terminology and synonyms mapping, and establish automated text standardization routines. I would ensure procedure descriptions align precisely with their corresponding CPT codes, implement spell-checking for medical terms, establish clinical review workflows for description accuracy, and create validation rules preventing non-standard abbreviations or inconsistent terminology that could impact billing accuracy and clinical communication."
PROCEDURES,PROCEDURE_DATE,"This column presents major standardization challenges with multiple date formats including ""2021-09-15"", ""06/01/2024"", ""30-April-2025"", ""18-05-21"", ""26/02/2023"", and numerous NULL values throughout the dataset. The mixed formats create serious data quality issues for procedure timeline analysis, billing compliance, and clinical workflow management. I would implement comprehensive date standardization to convert all values to ISO 8601 format (YYYY-MM-DD), with careful parsing logic to avoid day/month confusion in ambiguous formats. The NULL values are particularly problematic for procedure data as procedure dates are essential for clinical documentation, billing submission, and regulatory compliance with healthcare documentation requirements. I would establish business rules requiring procedure dates for all completed procedures, implement validation ensuring procedure dates align with admission dates and clinical timelines, and create automated date validation during data entry. Additionally, I would implement business logic ensuring procedure dates are within reasonable ranges (not future dates beyond scheduling horizon, not impossibly old), establish proper datetime data types with timezone considerations, and create audit trails for date corrections to maintain clinical accuracy and billing compliance for insurance claim processing and healthcare delivery analytics."
PROCEDURES,PROVIDER_ID,"This column shows significant data completeness issues with numerous NULL values representing procedures without assigned providers, which creates problems for clinical accountability, billing accuracy, and regulatory compliance. Healthcare procedures typically require provider identification for professional billing, quality assurance, and clinical responsibility tracking. I would implement comprehensive provider identification standardization including validation against active medical staff databases, establishment of foreign key relationships with provider master tables containing physician credentials and specializations, and creation of business rules requiring provider assignment for all procedures requiring professional services. The standardization should include automated provider suggestion based on procedure types and clinical specializations, implementation of validation ensuring assigned providers are qualified and credentialed for specific procedure types, and establishment of audit trails for provider assignments and changes. I would create validation routines preventing invalid provider assignments, implement integration with medical staff scheduling and credentialing systems, and establish proper reporting capabilities for provider productivity analysis, quality metrics, and regulatory compliance with medical staff oversight requirements throughout the healthcare delivery and billing systems."
PROCEDURES,PROCEDURE_COST,"This column shows significant data quality issues with numerous NULL values and excessive decimal precision like 48207.828125, 2422.10009765625 inappropriate for healthcare billing amounts. Healthcare billing typically uses 2 decimal places for currency precision, and the excessive precision suggests data conversion or floating-point calculation errors. I would standardize all cost values to 2 decimal places using proper rounding techniques, implement DECIMAL data type instead of FLOAT to avoid precision errors, and establish business rules for cost validation and completeness. The NULL values need investigation as they might represent ""no charge"" procedures, pending billing determination, or data entry omissions. I would establish comprehensive cost validation including reasonable range checking based on procedure types and market rates, implementation of automated cost assignment based on procedure fee schedules and CPT codes, and creation of billing workflow integration for cost determination and insurance processing. Additionally, I would implement validation against hospital charge master databases, establish audit trails for cost adjustments, create automated alerts for unusual cost patterns that might indicate billing errors, and ensure integration with revenue cycle management systems for accurate billing, insurance claim processing, and financial reporting throughout the healthcare billing and reimbursement workflow."
PROVIDERS,PROVIDER_ID,"This column serves as an excellent primary key with sequential integer values starting from 1001, showing proper uniqueness and no null values across the dataset. The sequential numbering indicates a well-designed identifier system that maintains referential integrity for provider tracking throughout the healthcare system including scheduling, billing, credentialing, and clinical documentation. I would implement proper primary key constraints with auto-increment functionality to ensure continued sequential integrity as new providers are added to the system. The column should be indexed for optimal performance when joining with procedure records, billing data, patient assignments, and departmental information. I would establish comprehensive referential integrity rules to prevent orphaned records and ensure that any foreign key references to this column are properly validated across all related tables including procedures, admissions, and clinical documentation. The numbering scheme appears to follow organizational standards with the 1xxx range, but I would verify that this range doesn't conflict with other provider identification systems or national provider identifiers within the healthcare network. Additionally, I would implement strict audit trails to track any changes to provider records and ensure proper versioning for credentialing, licensing, and regulatory compliance requirements under healthcare provider management standards."
PROVIDERS,DEPARTMENT_ID,"This foreign key column contains department assignments for providers with values ranging across multiple departments, which is appropriate for healthcare provider organization and scheduling management. The column shows no null values, indicating good referential integrity potential. I would implement formal foreign key constraints linking to the master departments table to ensure referential integrity and prevent invalid department assignments. The column should be indexed for join performance when linking provider data to departmental information, capacity planning, and resource allocation. I would establish validation rules to ensure only valid, active department IDs can be assigned to providers and implement proper error handling for referential integrity violations during provider management or system integration. Multiple providers per department is expected and necessary for healthcare operations, and I would create business rules for department capacity planning, specialty coverage, and clinical workflow optimization. Additionally, I would implement audit trails for department assignment changes, establish integration with staff scheduling systems, and create reporting capabilities for departmental staffing analysis and provider distribution across medical specialties throughout the healthcare facility management system."
PROVIDERS,NAME,"This column presents significant standardization challenges with multiple inconsistent name formats including ""Radha Bhat, MD"", ""Dr. A. Sharma"", ""Sudha Kumar, MD"", ""Divya Patil"", ""Dr. R. Singh"", ""Dr Kavitha Sastry"" (missing period), and various combinations of titles, initials, and credential displays. The sample data reveals duplicate names like ""Prakash Hegde, MD"" appearing twice, indicating potential data quality issues with either duplicate provider entries or providers working in multiple departments without proper normalization. I would implement comprehensive name standardization using a consistent format such as ""Dr. FirstName LastName, MD"" or separating names into individual components (title, first_name, last_name, credentials) for better database normalization. The standardization should include consistent use of titles (always ""Dr."" with period, not ""Dr""), proper capitalization throughout all name components, and standardized credential display (MD, MBBS, DO, etc.). I would create validation routines to identify and resolve duplicate provider entries, implement phonetic matching algorithms for provider identification and duplicate detection, and establish proper audit trails for name corrections. Additionally, I would ensure integration with medical licensing databases for credential verification, implement validation against national provider identifier (NPI) databases where applicable, and create business rules for handling providers with multiple appointments or department affiliations throughout the healthcare provider credentialing and management system."
PROVIDERS,SPECIALTY,"This column shows standardized medical specialty names like ""Radiology"", ""Gynecology"", ""Pediatrics"", ""Oncology"", ""Emergency Medicine"", ""Psychiatry"", ""Dermatology"", ""Surgery"", ""ENT"" indicating good foundational data quality but requiring validation against medical specialty standards. I would implement comprehensive specialty standardization against established medical specialty classifications such as those used by medical boards, specialty societies, and healthcare accreditation organizations to ensure consistency with industry standards. The standardization should include creation of a master medical specialties lookup table containing official specialty names, subspecialty classifications, board certification requirements, and clinical scope definitions. I would establish validation constraints to prevent non-standard specialty entries, implement automatic specialty suggestion based on provider credentials and training, and create business rules for specialty-based privileges, procedure authorization, and clinical pathway assignments. Additionally, I would ensure specialty assignments align with department capabilities and hospital service offerings, implement integration with credentialing systems for specialty verification, establish audit trails for specialty changes, and create reporting capabilities for specialty coverage analysis, provider distribution, and clinical service capacity planning throughout the healthcare facility specialty management and quality assurance systems."
PROVIDERS,YEARS_EXPERIENCE,"This integer column ranges from 1 to 35 years with reasonable values for medical professional experience, but requires comprehensive validation and business rule implementation to ensure accuracy and clinical appropriateness. I would implement validation rules to ensure experience values are realistic for medical practice (typically 0-50 years), establish business logic for experience calculation based on graduation dates, residency completion, and practice history, and create automated alerts for unusual experience patterns that might indicate data entry errors. The standardization should include validation against provider age and education timeline to ensure logical consistency, implementation of experience tracking for credentialing and privilege renewal processes, and establishment of minimum experience requirements for specific procedures and clinical responsibilities. I would create business rules for experience-based clinical privileges, procedure authorization levels, and supervision requirements for less experienced providers. Additionally, I would implement audit trails for experience updates, establish integration with medical education verification systems where possible, create automated calculation capabilities based on practice start dates, and establish reporting capabilities for experience distribution analysis, staffing planning, and quality metrics based on provider experience levels throughout the healthcare provider management and clinical quality assurance systems."
